Number of Records, Protocol Execution Time (s), Total Communication (MB), Client Precomputation Size (MB), Server Precomputation Size (MB),Number of OT Correlations
1000,1.185,0.180244446,0.060898781,0.135502815,122000
10000,1.75,1.802444458,0.605923653,1.354298592,1220000
100000,5.093,18.02444458,6.056172371,13.54225636,12200000
500000,22.032,90.1222229,30.27950001,67.71095753,61000000
1000000,39.953,180.2444458,60.55865955,135.421834,122000000
5000000,186.176,901.222229,302.7919359,677.1088457,610000000
10000000,367.234,1802.444458,605.5835314,1354.21761,1220000000