Number of Records, Protocol Execution Time (s), Total Communication (MB), Client Precomputation Size (MB), Server Precomputation Size (MB),Number of OT Correlations
1000,1.19125,0.172376633,0.058037758,0.129780769,116000
10000,1.723,1.723766327,0.577313423,1.297078133,1160000
100000,4.8915,17.23766327,5.770070076,12.97005177,11600000
500000,20.92975,86.18831635,28.84898853,64.84993458,58000000
1000000,38.352,172.3766327,57.6976366,129.6997881,116000000
5000000,179.14625,861.8831635,288.4868212,648.4986162,580000000
10000000,351.229,1723.766327,576.9733019,1296.997151,1160000000